year,fifty shades of grey
2016,1.4231034684009103e-09
2017,1.4231034684009103e-09
2018,1.4231034684009103e-09
2019,1.4231034684009103e-09
