year,fifty shades of grey
2003,0.0
2004,1.4130574488291358e-11
2005,1.1775478740242798e-11
2006,1.0093267491636685e-11
2007,1.0093267491636685e-11
2008,1.0093267491636685e-11
2009,3.004688561450816e-11
2010,6.284189042154204e-11
2011,1.3170893740723144e-10
2012,2.749785875190623e-10
2013,5.389907488582781e-10
2014,6.74449139394438e-10
2015,8.791761842351167e-10
2016,1.0682269513395681e-09
2017,1.2080039376212899e-09
2018,1.3390602848772915e-09
2019,1.4231034684009103e-09
