year,fifty shades of grey
2010,9.231009012733438e-11
2011,1.84392512370124e-10
2012,3.208083521055727e-10
2013,5.389907488582781e-10
2014,6.74449139394438e-10
2015,8.791761842351167e-10
2016,1.0682269513395681e-09
2017,1.2080039376212899e-09
2018,1.3390602848772915e-09
2019,1.4231034684009103e-09
